employeeNumber|firstName|lastName|startDate|endDate|managerId|jobDescription|country|employeeType|isManager
1000|Ashok|Kumar|01-01-2014|||Managing Director|India|Employee|Y
1001|Rajesh|Kumar|01-04-2015||1000|Chief Executive Officer|India|Employee|N
1002|Sarah|Johnson|15-06-2016||1000|Chief Technology Officer|United States|Employee|N
1003|Ananya|Sharma|10-01-2017||1000|Chief Financial Officer|India|Employee|N
1004|Michael|Brown|03-09-2018||1000|IAM Engineering Manager|United States|Employee|N
1005|Priya|Reddy|21-02-2019||1000|Senior SailPoint Developer|India|Employee|N
1006|David|Wilson|12-08-2020||1000|IAM Analyst|United Kingdom|Employee|N
1007|Lakshmi|Narayanan|05-11-2021|31-12-2026|1000|SailPoint Consultant|India|Contractor|N
1008|Emma|Davis|17-05-2022||1000|Financial Analyst|Canada|Employee|N
1009|Arjun|Patel|01-07-2023|30-06-2024|1000|Accounts Assistant|India|Contractor|N
1010|Olivia|Martin|14-03-2024||1000|DevOps Engineer|Australia|Employee|N
1011|Vikram|Singh|02-06-2025|29-08-2025|1000|IAM Intern|India|Intern|N
1012|Sophie|Muller|20-01-2026||1000|Cloud Security Architect|Germany|Employee|N
1013|Karthik|Iyer|01-09-2026|28-02-2027|1000|Identity Governance Intern|India|Intern|N
1014|James|Taylor|15-12-2026||1000|IAM Support Engineer|United States|Employee|N
1015|Meera|Joshi|08-02-2019|15-03-2025|1000|Payroll Specialist|India|Employee|N
